tensor([0.1539]),tensor([0.2166]),tensor([0.1555]),tensor([0.2082]),tensor([0.1650]),tensor([0.1750]),tensor([0.1539]),tensor([0.2619]),tensor([0.1526]),tensor([0.2408])
tensor([0.0535]),tensor([0.1507]),tensor([0.0535]),tensor([0.1560]),tensor([0.2090]),tensor([0.1600]),tensor([0.1934]),tensor([0.1701]),tensor([0.1673]),tensor([0.1751])
tensor([0.1954]),tensor([0.1873]),tensor([0.1935]),tensor([0.2035]),tensor([0.1920]),tensor([0.3797]),tensor([0.0478]),tensor([0.1388]),tensor([0.0493]),tensor([0.1432])
tensor([0.1716]),tensor([0.1547]),tensor([0.2166]),tensor([0.1484]),tensor([0.0529]),tensor([0.1580]),tensor([0.2126]),tensor([0.1671]),tensor([0.1467]),tensor([0.1803])
tensor([0.1522]),tensor([0.1608]),tensor([0.1597]),tensor([0.1643]),tensor([0.1468]),tensor([0.2119]),tensor([0.1581]),tensor([0.2152]),tensor([0.1587]),tensor([0.2159])
tensor([0.1665]),tensor([0.2181]),tensor([0.1782]),tensor([0.2086]),tensor([0.1695]),tensor([0.1809]),tensor([0.2047]),tensor([0.1483]),tensor([0.1542]),tensor([0.1562])
tensor([0.1461]),tensor([0.1532]),tensor([0.1558]),tensor([0.2015]),tensor([0.1648]),tensor([0.1630]),tensor([0.2401]),tensor([0.1834]),tensor([0.1623]),tensor([0.2358])
tensor([0.1579]),tensor([0.0587]),tensor([0.1748]),tensor([0.1758]),tensor([0.1606]),tensor([0.2319]),tensor([0.1473]),tensor([0.2289]),tensor([0.2107]),tensor([0.1306])
tensor([0.1515]),tensor([0.1651]),tensor([0.1670]),tensor([0.1694]),tensor([0.1650]),tensor([0.2210]),tensor([0.1575]),tensor([0.2234]),tensor([0.1544]),tensor([0.2230])
tensor([0.1400]),tensor([0.1543]),tensor([0.2267]),tensor([0.1498]),tensor([0.2254]),tensor([0.1665]),tensor([0.1773]),tensor([0.1663]),tensor([0.1637]),tensor([0.1502])
tensor([0.1995]),tensor([0.1695]),tensor([0.1719]),tensor([0.1895]),tensor([0.1664]),tensor([0.2351]),tensor([0.1442]),tensor([0.1476]),tensor([0.3111]),tensor([0.1806])
tensor([0.0619]),tensor([0.1991]),tensor([0.1953]),tensor([0.1858]),tensor([0.1864]),tensor([0.2118]),tensor([0.1453]),tensor([0.1550]),tensor([0.1380]),tensor([0.1435])
tensor([0.1822]),tensor([0.1723]),tensor([0.0625]),tensor([0.1801]),tensor([0.1811]),tensor([0.1533]),tensor([0.2491]),tensor([0.1427]),tensor([0.1481]),tensor([0.1471])
tensor([0.1293]),tensor([0.1570]),tensor([0.1543]),tensor([0.2156]),tensor([0.1752]),tensor([0.1708]),tensor([0.2103]),tensor([0.2469]),tensor([0.1711]),tensor([0.1684])
tensor([0.1876]),tensor([0.1752]),tensor([0.1858]),tensor([0.2202]),tensor([0.1489]),tensor([0.1598]),tensor([0.1574]),tensor([0.2296]),tensor([0.1809]),tensor([0.1839])
tensor([0.2362]),tensor([0.1757]),tensor([0.2178]),tensor([0.1747]),tensor([0.2165]),tensor([0.1636]),tensor([0.1658]),tensor([0.1716]),tensor([0.2745]),tensor([0.1723])
tensor([0.1567]),tensor([0.0522]),tensor([0.1597]),tensor([0.0535]),tensor([0.1613]),tensor([0.2229]),tensor([0.1810]),tensor([0.1619]),tensor([0.0649]),tensor([0.1562])
tensor([0.2077]),tensor([0.1758]),tensor([0.0621]),tensor([0.1974]),tensor([0.1932]),tensor([0.1538]),tensor([0.1599]),tensor([0.1407]),tensor([0.1559]),tensor([0.1538])
tensor([0.1987]),tensor([0.0628]),tensor([0.1784]),tensor([0.0778]),tensor([0.2452]),tensor([0.1584]),tensor([0.0572]),tensor([0.1939]),tensor([0.2347]),tensor([0.1603])
tensor([0.1672]),tensor([0.0246]),tensor([0.1595]),tensor([0.0687]),tensor([0.2060]),tensor([0.1767]),tensor([0.1546]),tensor([0.2486]),tensor([0.1489]),tensor([0.1543])
tensor([0.1609]),tensor([0.1513]),tensor([0.2504]),tensor([0.1577]),tensor([0.1723]),tensor([0.1121]),tensor([0.1201]),tensor([0.1738]),tensor([0.1867]),tensor([0.1949])
tensor([0.1639]),tensor([0.1947]),tensor([0.1771]),tensor([0.2230]),tensor([0.1701]),tensor([0.1670]),tensor([0.1623]),tensor([0.2263]),tensor([0.2006]),tensor([0.0600])
tensor([0.2385]),tensor([0.1797]),tensor([0.1999]),tensor([0.1936]),tensor([0.0595]),tensor([0.1596]),tensor([0.1642]),tensor([0.1489]),tensor([0.2549]),tensor([0.2082])
tensor([0.2010]),tensor([0.2129]),tensor([0.1779]),tensor([0.2402]),tensor([0.1738]),tensor([0.1728]),tensor([0.1565]),tensor([0.1474]),tensor([0.1624]),tensor([0.1836])
tensor([0.1761]),tensor([0.0671]),tensor([0.1802]),tensor([0.1905]),tensor([0.1795]),tensor([0.2578]),tensor([0.1433]),tensor([0.1647]),tensor([0.1501]),tensor([0.1565])
tensor([0.1823]),tensor([0.1969]),tensor([0.0836]),tensor([0.1997]),tensor([0.2879]),tensor([0.0569]),tensor([0.1743]),tensor([0.1643]),tensor([0.1441]),tensor([0.1646])
tensor([0.1711]),tensor([0.1959]),tensor([0.1018]),tensor([0.2832]),tensor([0.1977]),tensor([0.0583]),tensor([0.1702]),tensor([0.0604]),tensor([0.1732]),tensor([0.1613])
tensor([0.1915]),tensor([0.1664]),tensor([0.1361]),tensor([0.1626]),tensor([0.1858]),tensor([0.0618]),tensor([0.3780]),tensor([0.0893]),tensor([0.3826]),tensor([0.0726])
tensor([0.1212]),tensor([0.1661]),tensor([0.1552]),tensor([0.2543]),tensor([0.1619]),tensor([0.1745]),tensor([0.1606]),tensor([0.0606]),tensor([0.2140]),tensor([0.1802])
tensor([0.1813]),tensor([0.2137]),tensor([0.1977]),tensor([0.2051]),tensor([0.1696]),tensor([0.1781]),tensor([0.1618]),tensor([0.1438]),tensor([0.1673]),tensor([0.1819])
tensor([0.2178]),tensor([0.3479]),tensor([0.1811]),tensor([0.0599]),tensor([0.1637]),tensor([0.0581]),tensor([0.1755]),tensor([0.1694]),tensor([0.1398]),tensor([0.2697])
tensor([0.2101]),tensor([0.1906]),tensor([0.1828]),tensor([0.2580]),tensor([0.1815]),tensor([0.1666]),tensor([0.1679]),tensor([0.1495]),tensor([0.1661]),tensor([0.1720])
tensor([0.1969]),tensor([0.2253]),tensor([0.2268]),tensor([0.1704]),tensor([0.1759]),tensor([0.1785]),tensor([0.1735]),tensor([0.1797]),tensor([0.1725]),tensor([0.1910])
tensor([0.2020]),tensor([0.0671]),tensor([0.2153]),tensor([0.2024]),tensor([0.1992]),tensor([0.1746]),tensor([0.1637]),tensor([0.1657]),tensor([0.1462]),tensor([0.1716])
tensor([0.1821]),tensor([0.2366]),tensor([0.1915]),tensor([0.1926]),tensor([0.1750]),tensor([0.1958]),tensor([0.2286]),tensor([0.1558]),tensor([0.1815]),tensor([0.1677])
tensor([0.1732]),tensor([0.1714]),tensor([0.1720]),tensor([0.1702]),tensor([0.3238]),tensor([0.3452]),tensor([0.2392]),tensor([0.1830]),tensor([0.2611]),tensor([0.1905])
tensor([0.1750]),tensor([0.1419]),tensor([0.1714]),tensor([0.1821]),tensor([0.1770]),tensor([0.1929]),tensor([0.1943]),tensor([0.2335]),tensor([0.1837]),tensor([0.2045])
tensor([0.1732]),tensor([0.1908]),tensor([0.1794]),tensor([0.2085]),tensor([0.1737]),tensor([0.1804]),tensor([0.1786]),tensor([0.1760]),tensor([0.1758]),tensor([0.0686])
tensor([0.1737]),tensor([0.1966]),tensor([0.1795]),tensor([0.2013]),tensor([0.1498]),tensor([0.1820]),tensor([0.1814]),tensor([0.1768]),tensor([0.1820]),tensor([0.0740])
tensor([0.0720]),tensor([0.1864]),tensor([0.1698]),tensor([0.1740]),tensor([0.0732]),tensor([0.1656]),tensor([0.1823]),tensor([0.2760]),tensor([0.1844]),tensor([0.2030])
tensor([0.1760]),tensor([0.1931]),tensor([0.1764]),tensor([0.1930]),tensor([0.2509]),tensor([0.3501]),tensor([0.0695]),tensor([0.1926]),tensor([0.1772]),tensor([0.2147])
tensor([0.3769]),tensor([0.1774]),tensor([0.0691]),tensor([0.1913]),tensor([0.1772]),tensor([0.1781]),tensor([0.1835]),tensor([0.3250]),tensor([0.0506]),tensor([0.1898])
tensor([0.1746]),tensor([0.1821]),tensor([0.1762]),tensor([0.1686]),tensor([0.0685]),tensor([0.1779]),tensor([0.1791]),tensor([0.1952]),tensor([0.2227]),tensor([0.1755])
tensor([0.1820]),tensor([0.2183]),tensor([0.2297]),tensor([0.0955]),tensor([0.1330]),tensor([0.1773]),tensor([0.1852]),tensor([0.1751]),tensor([0.1841]),tensor([0.1748])
tensor([0.1752]),tensor([0.2013]),tensor([0.1744]),tensor([0.1949]),tensor([0.1756]),tensor([0.2031]),tensor([0.2293]),tensor([0.2263]),tensor([0.1817]),tensor([0.2456])
tensor([0.0769]),tensor([0.1884]),tensor([0.1753]),tensor([0.1902]),tensor([0.1765]),tensor([0.2007]),tensor([0.0733]),tensor([0.2792]),tensor([0.2642]),tensor([0.1859])
tensor([0.1899]),tensor([0.2967]),tensor([0.2762]),tensor([0.0643]),tensor([0.2021]),tensor([0.0618]),tensor([0.2853]),tensor([0.2026]),tensor([0.1832]),tensor([0.1978])
tensor([0.1846]),tensor([0.2529]),tensor([0.1243]),tensor([0.2365]),tensor([0.2334]),tensor([0.1764]),tensor([0.1881]),tensor([0.1755]),tensor([0.2003]),tensor([0.1702])
tensor([0.1845]),tensor([0.2391]),tensor([0.2472]),tensor([0.2047]),tensor([0.1796]),tensor([0.2294]),tensor([0.1780]),tensor([0.1918]),tensor([0.0713]),tensor([0.1878])
tensor([0.1799]),tensor([0.2692]),tensor([0.1870]),tensor([0.1735]),tensor([0.2223]),tensor([0.1749]),tensor([0.1943]),tensor([0.1756]),tensor([0.2065]),tensor([0.0703])
tensor([0.1732]),tensor([0.2160]),tensor([0.1754]),tensor([0.1895]),tensor([0.0706]),tensor([0.1825]),tensor([0.0701]),tensor([0.2073]),tensor([0.1762]),tensor([0.2284])
tensor([0.0935]),tensor([0.2205]),tensor([0.0715]),tensor([0.1358]),tensor([0.3522]),tensor([0.0703]),tensor([0.1794]),tensor([0.0708]),tensor([0.1917]),tensor([0.1791])
tensor([0.1847]),tensor([0.2414]),tensor([0.2315]),tensor([0.1938]),tensor([0.1752]),tensor([0.2081]),tensor([0.1772]),tensor([0.2128]),tensor([0.1782]),tensor([0.2195])
tensor([0.1860]),tensor([0.1740]),tensor([0.0788]),tensor([0.2014]),tensor([0.1890]),tensor([0.1756]),tensor([0.0765]),tensor([0.1771]),tensor([0.1823]),tensor([0.2563])
tensor([0.2077]),tensor([0.1540]),tensor([0.2364]),tensor([0.2403]),tensor([0.1787]),tensor([0.2055]),tensor([0.1787]),tensor([0.2135]),tensor([0.1791]),tensor([0.2368])
tensor([0.1788]),tensor([0.1067]),tensor([0.2074]),tensor([0.1763]),tensor([0.2186]),tensor([0.1786]),tensor([0.2076]),tensor([0.1793]),tensor([0.2301]),tensor([0.1717])
tensor([0.2377]),tensor([0.1809]),tensor([0.2148]),tensor([0.1789]),tensor([0.1966]),tensor([0.1792]),tensor([0.2238]),tensor([0.2393]),tensor([0.1389]),tensor([0.2581])
tensor([0.2307]),tensor([0.1822]),tensor([0.2146]),tensor([0.1891]),tensor([0.2194]),tensor([0.0752]),tensor([0.2192]),tensor([0.1840]),tensor([0.1977]),tensor([0.1814])
tensor([0.2269]),tensor([0.1881]),tensor([0.1815]),tensor([0.0369]),tensor([0.0376]),tensor([0.2116]),tensor([0.1882]),tensor([0.2783]),tensor([0.1777]),tensor([0.1899])
tensor([0.0737]),tensor([0.1852]),tensor([0.0810]),tensor([0.1780]),tensor([0.2209]),tensor([0.1792]),tensor([0.2124]),tensor([0.1775]),tensor([0.2328]),tensor([0.1814])
tensor([0.2290]),tensor([0.1803]),tensor([0.2265]),tensor([0.1797]),tensor([0.1885]),tensor([0.1810]),tensor([0.2227]),tensor([0.0646]),tensor([0.1592]),tensor([0.2733])
tensor([0.3218]),tensor([0.2821]),tensor([0.1970]),tensor([0.0237]),tensor([0.0490]),tensor([0.0380]),tensor([0.2125]),tensor([0.1798]),tensor([0.2282]),tensor([0.1837])
tensor([0.2324]),tensor([0.1830]),tensor([0.2257]),tensor([0.1791]),tensor([0.2188]),tensor([0.1794]),tensor([0.2211]),tensor([0.1775]),tensor([0.1757]),tensor([0.1837])
tensor([0.2470]),tensor([0.1892]),tensor([0.2239]),tensor([0.1873]),tensor([0.2066]),tensor([0.2028]),tensor([0.1873]),tensor([0.2030]),tensor([0.0775]),tensor([0.2123])
tensor([0.2721]),tensor([0.2533]),tensor([0.1901]),tensor([0.2535]),tensor([0.2378]),tensor([0.1892]),tensor([0.2195]),tensor([0.1807]),tensor([0.2277]),tensor([0.1905])
tensor([0.1866]),tensor([0.2245]),tensor([0.0680]),tensor([0.2074]),tensor([0.1877]),tensor([0.2509]),tensor([0.1724]),tensor([0.1914]),tensor([0.2455]),tensor([0.1871])
tensor([0.1863]),tensor([0.0831]),tensor([0.1902]),tensor([0.1495]),tensor([0.0824]),tensor([0.2381]),tensor([0.1984]),tensor([0.1865]),tensor([0.2355]),tensor([0.1863])
tensor([0.0784]),tensor([0.2179]),tensor([0.1969]),tensor([0.2359]),tensor([0.1824]),tensor([0.1913]),tensor([0.1806]),tensor([0.2139]),tensor([0.1875]),tensor([0.2364])
tensor([0.2338]),tensor([0.1907]),tensor([0.2376]),tensor([0.1847]),tensor([0.2084]),tensor([0.1927]),tensor([0.3236]),tensor([0.2706]),tensor([0.2278]),tensor([0.1034])
tensor([0.2026]),tensor([0.2002]),tensor([0.2271]),tensor([0.1864]),tensor([0.1946]),tensor([0.0727]),tensor([0.2140]),tensor([0.1826]),tensor([0.2143]),tensor([0.1895])
tensor([0.2658]),tensor([0.1998]),tensor([0.2797]),tensor([0.1865]),tensor([0.1893]),tensor([0.0699]),tensor([0.1759]),tensor([0.1653]),tensor([0.3440]),tensor([0.2375])
tensor([0.1844]),tensor([0.1924]),tensor([0.2164]),tensor([0.1840]),tensor([0.1985]),tensor([0.1882]),tensor([0.2361]),tensor([0.3133]),tensor([0.2049]),tensor([0.0817])
tensor([0.1923]),tensor([0.2561]),tensor([0.1915]),tensor([0.2086]),tensor([0.2000]),tensor([0.2406]),tensor([0.1890]),tensor([0.2250]),tensor([0.2102]),tensor([0.1995])
tensor([0.1924]),tensor([0.2401]),tensor([0.1953]),tensor([0.2308]),tensor([0.2733]),tensor([0.1950]),tensor([0.2425]),tensor([0.0732]),tensor([0.1961]),tensor([0.0820])
tensor([0.1984]),tensor([0.0817]),tensor([0.2090]),tensor([0.0758]),tensor([0.2047]),tensor([0.2505]),tensor([0.2066]),tensor([0.2025]),tensor([0.0837]),tensor([0.2425])
tensor([0.2308]),tensor([0.2000]),tensor([0.2217]),tensor([0.0205]),tensor([0.0528]),tensor([0.2030]),tensor([0.1938]),tensor([0.2247]),tensor([0.0704]),tensor([0.1469])
tensor([0.1925]),tensor([0.2282]),tensor([0.2088]),tensor([0.1583]),tensor([0.2418]),tensor([0.0749]),tensor([0.3019]),tensor([0.1902]),tensor([0.2198]),tensor([0.1930])
tensor([0.2005]),tensor([0.2431]),tensor([0.2917]),tensor([0.1972]),tensor([0.2195]),tensor([0.1876]),tensor([0.1905]),tensor([0.0760]),tensor([0.1645]),tensor([0.3258])
tensor([0.2409]),tensor([0.1953]),tensor([0.2257]),tensor([0.2013]),tensor([0.1928]),tensor([0.2392]),tensor([0.2029]),tensor([0.1901]),tensor([0.2437]),tensor([0.1971])
tensor([0.2029]),tensor([0.2457]),tensor([0.2532]),tensor([0.1930]),tensor([0.2086]),tensor([0.1897]),tensor([0.1890]),tensor([0.1917]),tensor([0.2141]),tensor([0.1952])
tensor([0.1767]),tensor([0.0895]),tensor([0.1969]),tensor([0.1935]),tensor([0.2620]),tensor([0.1932]),tensor([0.3514]),tensor([0.2283]),tensor([0.1950]),tensor([0.0877])
tensor([0.1989]),tensor([0.2399]),tensor([0.2023]),tensor([0.2266]),tensor([0.3424]),tensor([0.2918]),tensor([0.3291]),tensor([0.2355]),tensor([0.1806]),tensor([0.2139])
tensor([0.2068]),tensor([0.3328]),tensor([0.0792]),tensor([0.1119]),tensor([0.2477]),tensor([0.1929]),tensor([0.2276]),tensor([0.1927]),tensor([0.2021]),tensor([0.1985])
tensor([0.2498]),tensor([0.2018]),tensor([0.2273]),tensor([0.1957]),tensor([0.2968]),tensor([0.0850]),tensor([0.3072]),tensor([0.0907]),tensor([0.1992]),tensor([0.2244])
tensor([0.0907]),tensor([0.1906]),tensor([0.3114]),tensor([0.1973]),tensor([0.3216]),tensor([0.3495]),tensor([0.3869]),tensor([0.3479]),tensor([0.2792]),tensor([0.2066])
tensor([0.2256]),tensor([0.1497]),tensor([0.2364]),tensor([0.2220]),tensor([0.1673]),tensor([0.2077]),tensor([0.1972]),tensor([0.2022]),tensor([0.2369]),tensor([0.2035])
tensor([0.0843]),tensor([0.2327]),tensor([0.0522]),tensor([0.0362]),tensor([0.0141]),tensor([0.1869]),tensor([0.1013]),tensor([0.2225]),tensor([0.2062]),tensor([0.2555])
tensor([0.1869]),tensor([0.2672]),tensor([0.2648]),tensor([0.1808]),tensor([0.2130]),tensor([0.2720]),tensor([0.2082]),tensor([0.2409]),tensor([0.2094]),tensor([0.2647])
tensor([0.2382]),tensor([0.1001]),tensor([0.1818]),tensor([0.0873]),tensor([0.1745]),tensor([0.1589]),tensor([0.0959]),tensor([0.1053]),tensor([0.2493]),tensor([0.2093])
tensor([0.2616]),tensor([0.1725]),tensor([0.0891]),tensor([0.0242]),tensor([0.2066]),tensor([0.2239]),tensor([0.0148]),tensor([0.0779]),tensor([0.2122]),tensor([0.0864])
tensor([0.2126]),tensor([0.2135]),tensor([0.2051]),tensor([0.2291]),tensor([0.0819]),tensor([0.0957]),tensor([0.0978]),tensor([0.0980]),tensor([0.2343]),tensor([0.2830])
tensor([0.2179]),tensor([0.0491]),tensor([0.1690]),tensor([0.2111]),tensor([0.1402]),tensor([0.3105]),tensor([0.2086]),tensor([0.2205]),tensor([0.2188]),tensor([0.2193])
tensor([0.2265]),tensor([0.2424]),tensor([0.2961]),tensor([0.2830]),tensor([0.3681]),tensor([0.3316]),tensor([0.3462]),tensor([0.2185]),tensor([0.2243]),tensor([0.2143])
tensor([0.2145]),tensor([0.1967]),tensor([0.2162]),tensor([0.0991]),tensor([0.1827]),tensor([0.1206]),tensor([0.2202]),tensor([0.2651]),tensor([0.0955]),tensor([0.2580])
tensor([0.2072]),tensor([0.1966]),tensor([0.2218]),tensor([0.2380]),tensor([0.1062]),tensor([0.1065]),tensor([0.1080]),tensor([0.2370]),tensor([0.2029]),tensor([0.2623])
tensor([0.2488]),tensor([0.1954]),tensor([0.1005]),tensor([0.1768]),tensor([0.2226]),tensor([0.2362]),tensor([0.2449]),tensor([0.2326]),tensor([0.2280]),tensor([0.2310])
tensor([0.2264]),tensor([0.1911]),tensor([0.2056]),tensor([0.2082]),tensor([0.2258]),tensor([0.1835]),tensor([0.2022]),tensor([0.1988]),tensor([0.2274]),tensor([0.2315])
tensor([0.2073]),tensor([0.2226]),tensor([0.1007]),tensor([0.1847]),tensor([0.1923]),tensor([0.1111]),tensor([0.2065]),tensor([0.2214]),tensor([0.2144]),tensor([0.1932])
tensor([0.2274]),tensor([0.2070]),tensor([0.2197]),tensor([0.1755]),tensor([0.2027]),tensor([0.2074]),tensor([0.2134]),tensor([0.2234]),tensor([0.2292]),tensor([0.2868])
tensor([0.1915]),tensor([0.0981]),tensor([0.1906]),tensor([0.2110]),tensor([0.2318]),tensor([0.2594]),tensor([0.2200]),tensor([0.1878]),tensor([0.1165]),tensor([0.2201])
tensor([0.2000]),tensor([0.2000]),tensor([0.2000]),tensor([0.2000]),tensor([0.2000]),tensor([0.2000]),tensor([0.2000]),tensor([0.2000]),tensor([0.2000]),tensor([0.2000])
tensor([0.2000]),tensor([0.2000]),tensor([0.2000]),tensor([0.2000]),tensor([0.2000]),tensor([0.2000]),tensor([0.2000]),tensor([0.2000]),tensor([0.2000]),tensor([0.2000])
tensor([0.2000]),tensor([0.2000]),tensor([0.2000]),tensor([0.2000]),tensor([0.2000]),tensor([0.2000]),tensor([0.2000]),tensor([0.2000]),tensor([0.2000]),tensor([0.2000])
tensor([0.2000]),tensor([0.2000]),tensor([0.2000]),tensor([0.2000]),tensor([0.2000]),tensor([0.2000]),tensor([0.2000]),tensor([0.2000]),tensor([0.2000]),tensor([0.2000])
tensor([0.2000]),tensor([0.2000]),tensor([0.2000]),tensor([0.2000]),tensor([0.2000]),tensor([0.2000]),tensor([0.2000]),tensor([0.2000]),tensor([0.2000]),tensor([0.2000])
tensor([0.2000]),tensor([0.2000]),tensor([0.2000]),tensor([0.2000]),tensor([0.2000]),tensor([0.2000]),tensor([0.2000]),tensor([0.2000]),tensor([0.2000]),tensor([0.2000])
tensor([0.2000]),tensor([0.2000]),tensor([0.2000]),tensor([0.2000]),tensor([0.2000]),tensor([0.2000]),tensor([0.2000]),tensor([0.2000]),tensor([0.2000]),tensor([0.2000])
tensor([0.2000]),tensor([0.2000]),tensor([0.2000]),tensor([0.2000]),tensor([0.2000]),tensor([0.2000]),tensor([0.2000]),tensor([0.2000]),tensor([0.2000]),tensor([0.2000])
tensor([0.2000]),tensor([0.2000]),tensor([0.2000]),tensor([0.2000]),tensor([0.2000]),tensor([0.2000]),tensor([0.2000]),tensor([0.2000]),tensor([0.2000]),tensor([0.2000])
tensor([0.2000]),tensor([0.2000]),tensor([0.2000]),tensor([0.2000]),tensor([0.2000]),tensor([0.2000]),tensor([0.2000]),tensor([0.2000]),tensor([0.2000]),tensor([0.2000])
